id,date,time,municipality,location,lat,lng,crash_type,severity,corridor,barrel,direction,jurisdiction,description,source_url
L18-0400,2018-02-26,09:06,Lavallette Borough,Pershing Boulevard,,,vehicle,property_damage,,,,county,Property-damage collision with a parked vehicle involving 2 vehicles on Pershing Boulevard. (Source: NJDOT crash record.),
L18-0565,2018-03-11,14:19,Lavallette Borough,Route 35 North & President Avenue,39.974121,-74.06832,vehicle,property_damage,President Avenue,Grand Central Avenue,N,state,Property-damage backing collision involving 2 vehicles on Route 35 about 30 ft W of President Avenue. (Source: NJDOT crash record.),
L18-0840,2018-04-11,10:00,Lavallette Borough,Dickman Drive,,,vehicle,property_damage,,,,county,Property-damage collision with a parked vehicle involving 2 vehicles on Dickman Drive. (Source: NJDOT crash record.),
L18-0879,2018-04-14,13:08,Lavallette Borough,Baltimore Avenue & New Brunswick Avenue,39.96768,-74.07262,vehicle,property_damage,,,,borough,Property-damage right-angle collision involving 2 vehicles on Baltimore Avenue at New Brunswick Avenue. (Source: NJDOT crash record.),
L18-0880,2018-04-14,14:08,Lavallette Borough,Route 35 South & New Brunswick Avenue,39.967545,-74.071076,vehicle,injury,New Brunswick Avenue,Anna O Hankins Boulevard,S,state,Injury right-angle collision involving 2 vehicles on Route 35 at New Brunswick Avenue. (Source: NJDOT crash record.),
L18-0982,2018-04-24,13:59,Lavallette Borough,Route 35 South & Washington Avenue,39.969011,-74.070826,vehicle,injury,Washington Avenue,Anna O Hankins Boulevard,S,state,Injury rear-end collision involving 2 vehicles on Route 35 about 34 ft N of Washington Avenue. (Source: NJDOT crash record.),
L18-1009,2018-04-27,18:45,Lavallette Borough,Route 35 North & Reese Avenue,39.97334,-74.068442,vehicle,property_damage,Reese Avenue,Grand Central Avenue,N,state,Property-damage same-direction sideswipe involving 2 vehicles on Route 35 about 100 ft N of Reese Avenue. (Source: NJDOT crash record.),
L18-1153,2018-05-10,15:13,Lavallette Borough,Route 35 South & President Avenue,39.974287,-74.06996,vehicle,property_damage,President Avenue,Anna O Hankins Boulevard,S,state,Property-damage same-direction sideswipe involving 2 vehicles on Route 35 at President Avenue. (Source: NJDOT crash record.),
L18-1445,2018-05-26,13:54,Lavallette Borough,Route 35 South & Kerr Avenue,39.97653,-74.06961,vehicle,injury,Kerr Avenue,Anna O Hankins Boulevard,S,state,Injury left-turn or U-turn collision involving 2 vehicles on Route 35 at Kerr Avenue. (Source: NJDOT crash record.),
L18-1490,2018-05-27,12:36,Lavallette Borough,Route 35 South & Brown Avenue,39.971295,-74.070446,vehicle,property_damage,Brown Avenue,Anna O Hankins Boulevard,S,state,Property-damage same-direction sideswipe involving 2 vehicles on Route 35 at Brown Avenue. (Source: NJDOT crash record.),
L18-2106,2018-06-28,23:47,Lavallette Borough,Route 35 & Pennsylvania Avenue,39.965992,-74.070489,vehicle,property_damage,Pennsylvania Avenue,,,state,Property-damage collision with a fixed object involving a vehicle on Route 35 about 85 ft W of Pennsylvania Avenue. (Source: NJDOT crash record.),
L18-2241,2018-07-02,12:55,Lavallette Borough,Route 35 South & New Brunswick Avenue,39.96751,-74.07107,vehicle,property_damage,New Brunswick Avenue,Anna O Hankins Boulevard,S,state,Property-damage same-direction sideswipe involving 2 vehicles on Route 35 at New Brunswick Avenue. (Source: NJDOT crash record.),
L18-2245,2018-07-02,17:14,Lavallette Borough,Route 35 South & Bryn Mawr Avenue,39.9803,-74.06899,vehicle,property_damage,Bryn Mawr Avenue,West Central Avenue,S,state,Property-damage same-direction sideswipe involving 2 vehicles on Route 35 at Bryn Mawr Avenue. (Source: NJDOT crash record.),
L18-2278,2018-07-03,17:21,Lavallette Borough,Route 35 North & Brown Avenue,39.97113,-74.06881,bicycle,injury,Brown Avenue,Grand Central Avenue,N,state,Injury crash involving a bicyclist and a vehicle on Route 35 at Brown Avenue. (Source: NJDOT crash record.),
L18-2359,2018-07-05,17:12,Lavallette Borough,Route 35 South & Washington Avenue,39.96917,-74.07079,vehicle,injury,Washington Avenue,Anna O Hankins Boulevard,S,state,Injury rear-end collision involving 2 vehicles on Route 35 about 50 ft N of Washington Avenue. (Source: NJDOT crash record.),
L18-2457,2018-07-08,20:30,Lavallette Borough,Route 35 South & Camden Avenue,39.97054,-74.07058,vehicle,property_damage,Camden Avenue,Anna O Hankins Boulevard,S,state,Property-damage opposite-direction sideswipe involving 2 vehicles on Route 35 at Camden Avenue. (Source: NJDOT crash record.),
L18-2462,2018-07-09,07:40,Lavallette Borough,Route 35 North & Reese Avenue,39.97334,-74.068442,vehicle,property_damage,Reese Avenue,Grand Central Avenue,N,state,Property-damage right-angle collision involving 2 vehicles on Route 35 about 40 ft N of Reese Avenue. (Source: NJDOT crash record.),
L18-2521,2018-07-12,07:59,Lavallette Borough,Route 35 North & Brown Avenue,39.97113,-74.06881,vehicle,property_damage,Brown Avenue,Grand Central Avenue,N,state,Property-damage same-direction sideswipe involving 2 vehicles on Route 35 at Brown Avenue. (Source: NJDOT crash record.),
L18-2580,2018-07-14,15:44,Lavallette Borough,Route 35 South & Haddonfield Avenue,39.97949,-74.06909,vehicle,property_damage,Haddonfield Avenue,West Central Avenue,S,state,Property-damage same-direction sideswipe involving 2 vehicles on Route 35 at Haddonfield Avenue. (Source: NJDOT crash record.),
L18-2616,2018-07-15,14:54,Lavallette Borough,Route 35 South & Bryn Mawr Avenue,39.9803,-74.06897,vehicle,property_damage,Bryn Mawr Avenue,West Central Avenue,S,state,Property-damage same-direction sideswipe involving 2 vehicles on Route 35 at Bryn Mawr Avenue. (Source: NJDOT crash record.),
L18-2704,2018-07-19,12:13,Lavallette Borough,Route 35 North & President Avenue,39.97411,-74.06833,vehicle,property_damage,President Avenue,Grand Central Avenue,N,state,Property-damage rear-end collision involving 2 vehicles on Route 35 at President Avenue. (Source: NJDOT crash record.),
L18-2758,2018-07-21,18:16,Lavallette Borough,Route 35 North & Haddonfield Avenue,39.979334,-74.067363,vehicle,property_damage,Haddonfield Avenue,Grand Central Avenue,N,state,Property-damage rear-end collision involving 2 vehicles on Route 35 at Haddonfield Avenue. (Source: NJDOT crash record.),
L18-2828,2018-07-25,03:31,Lavallette Borough,Route 35 South & Reese Avenue,39.97342,-74.07021,vehicle,injury,Reese Avenue,Anna O Hankins Boulevard,S,state,Injury collision with a fixed object involving a vehicle on Route 35 about 43 ft S of Reese Avenue. (Source: NJDOT crash record.),
L18-2877,2018-07-27,12:28,Lavallette Borough,Route 35 North & Brooklyn Avenue,39.968117,-74.069286,vehicle,property_damage,Brooklyn Avenue,Grand Central Avenue,N,state,Property-damage collision with a parked vehicle involving 2 vehicles on Route 35 about 75 ft N of Brooklyn Avenue. (Source: NJDOT crash record.),
L18-2882,2018-07-27,20:27,Lavallette Borough,Route 35 South & Jersey City Avenue,39.963777,-74.071683,vehicle,injury,Jersey City Avenue,Anna O Hankins Boulevard,S,state,Injury rear-end collision involving 2 vehicles on Route 35 about 56 ft N of Jersey City Avenue. (Source: NJDOT crash record.),
L18-2920,2018-07-29,11:00,Lavallette Borough,Route 35 & Virginia Avenue,39.966729,-74.070368,vehicle,property_damage,Virginia Avenue,,,state,Property-damage backing collision involving 2 vehicles on Route 35 about 59 ft W of Virginia Avenue. (Source: NJDOT crash record.),
L18-3072,2018-08-04,10:03,Lavallette Borough,Route 35 North & New Brunswick Avenue,39.96724,-74.06941,bicycle,injury,New Brunswick Avenue,Grand Central Avenue,N,state,Injury crash involving a bicyclist and a vehicle on Route 35 about 50 ft S of New Brunswick Avenue. (Source: NJDOT crash record.),
L18-3073,2018-08-04,10:20,Lavallette Borough,Route 35 & Guyer Avenue,39.974981,-74.069014,vehicle,property_damage,Guyer Avenue,,,state,Property-damage collision with a parked vehicle involving 2 vehicles on Route 35 about 100 ft W of Guyer Avenue. (Source: NJDOT crash record.),
L18-3117,2018-08-05,11:29,Lavallette Borough,Route 35 & Trenton Avenue,39.960724,-74.071371,vehicle,property_damage,Trenton Avenue,,,state,Property-damage backing collision involving 2 vehicles on Route 35 about 106 ft W of Trenton Avenue. (Source: NJDOT crash record.),
L18-3214,2018-08-09,09:27,Lavallette Borough,Route 35 North & President Avenue,39.97406,-74.06835,vehicle,property_damage,President Avenue,Grand Central Avenue,N,state,Property-damage same-direction sideswipe involving 2 vehicles on Route 35 at President Avenue. (Source: NJDOT crash record.),
L18-3307,2018-08-13,15:56,Lavallette Borough,Route 35 North & Ortley Avenue,39.977828,-74.067707,vehicle,property_damage,Ortley Avenue,Grand Central Avenue,N,state,Property-damage collision with a parked vehicle involving 2 vehicles on Route 35 about 100 ft S of Ortley Avenue. (Source: NJDOT crash record.),
L18-3370,2018-08-16,04:36,Lavallette Borough,Route 35 North & President Avenue,39.974121,-74.06832,vehicle,property_damage,President Avenue,Grand Central Avenue,N,state,Property-damage backing collision involving 2 vehicles on Route 35 about 30 ft W of President Avenue. (Source: NJDOT crash record.),
L18-3363,2018-08-16,16:21,Lavallette Borough,Route 35 South & Virginia Avenue,39.966809,-74.071192,vehicle,property_damage,Virginia Avenue,Anna O Hankins Boulevard,S,state,Property-damage rear-end collision involving 3 vehicles on Route 35 about 60 ft N of Virginia Avenue. (Source: NJDOT crash record.),
L18-3414,2018-08-18,23:08,Lavallette Borough,Pershing Boulevard near Liggett Road,39.965745,-74.082781,vehicle,property_damage,,,,county,Property-damage collision with a parked vehicle involving 2 vehicles on Pershing Boulevard about 200 ft W of Liggett Road. (Source: NJDOT crash record.),
L18-3463,2018-08-21,07:02,Lavallette Borough,Route 35 North & President Avenue,39.974121,-74.06832,vehicle,injury,President Avenue,Grand Central Avenue,N,state,Injury collision with a fixed object involving a vehicle on Route 35 about 125 ft W of President Avenue. (Source: NJDOT crash record.),
L18-3557,2018-08-26,13:00,Lavallette Borough,Route 35 South & Westmont Avenue,39.978705,-74.069244,vehicle,property_damage,Westmont Avenue,Anna O Hankins Boulevard,S,state,Property-damage right-angle collision involving 2 vehicles on Route 35 at Westmont Avenue. (Source: NJDOT crash record.),
L18-3581,2018-08-28,11:06,Lavallette Borough,Route 35 North & Reese Avenue,39.97334,-74.068442,vehicle,property_damage,Reese Avenue,Grand Central Avenue,N,state,Property-damage collision with a parked vehicle involving 2 vehicles on Route 35 about 75 ft E of Reese Avenue. (Source: NJDOT crash record.),
L18-3828,2018-09-16,17:33,Lavallette Borough,Route 35 South & Brown Avenue,39.971295,-74.070446,vehicle,property_damage,Brown Avenue,Anna O Hankins Boulevard,S,state,Property-damage same-direction sideswipe involving 2 vehicles on Route 35 at Brown Avenue. (Source: NJDOT crash record.),
L18-4129,2018-10-19,14:15,Lavallette Borough,Route 35 North & Magee Avenue,39.97186,-74.068672,vehicle,property_damage,Magee Avenue,Grand Central Avenue,N,state,Property-damage collision with a parked vehicle involving 2 vehicles on Route 35 about 50 ft S of Magee Avenue. (Source: NJDOT crash record.),
L18-4180,2018-10-24,17:39,Lavallette Borough,Route 35 South & Reese Avenue,39.97351,-74.06997,vehicle,injury,Reese Avenue,Anna O Hankins Boulevard,S,state,Injury collision with a fixed object involving a vehicle on Route 35 about 66 ft N of Reese Avenue. (Source: NJDOT crash record.),
L18-4411,2018-11-26,13:07,Lavallette Borough,Route 35 South & Trenton Avenue,39.960804,-74.072196,vehicle,property_damage,Trenton Avenue,Anna O Hankins Boulevard,S,state,Property-damage collision with a fixed object involving a vehicle on Route 35 about 50 ft N of Trenton Avenue. (Source: NJDOT crash record.),
L18-4512,2018-12-12,18:19,Lavallette Borough,Route 35 South & Bond Avenue,39.975791,-74.069704,vehicle,property_damage,Bond Avenue,Anna O Hankins Boulevard,S,state,Property-damage collision with a fixed object involving a vehicle on Route 35 about 33 ft S of Bond Avenue. (Source: NJDOT crash record.),
L19-0016,2019-01-05,13:47,Lavallette Borough,Route 35 North & Brown Avenue,39.971125,-74.068785,vehicle,injury,Brown Avenue,Grand Central Avenue,N,state,Injury right-angle collision involving 2 vehicles on Route 35 at Brown Avenue. (Source: NJDOT crash record.),
L19-0032,2019-01-08,13:36,Lavallette Borough,Dickman Drive near Pershing Boulevard,39.967726,-74.077244,vehicle,injury,,,,county,Injury collision with a fixed object involving a vehicle on Dickman Drive about 100 ft W of Pershing Boulevard. (Source: NJDOT crash record.),
L19-0139,2019-01-25,12:08,Lavallette Borough,Route 35 & Vance Avenue,39.972682,-74.069382,vehicle,property_damage,Vance Avenue,,,state,Property-damage same-direction sideswipe involving 2 vehicles on Route 35 at Vance Avenue. (Source: NJDOT crash record.),
C060-2019-00361A,2019-03-06,09:30,Lavallette Borough,Route 35,,,other,property_damage,,,,,Property-damage collision with a non-fixed object involving a vehicle on Route 35. (Source: NJDOT crash record.),
L19-0709,2019-03-28,05:58,Lavallette Borough,Route 35 & New York Avenue,39.965193,-74.070615,vehicle,property_damage,New York Avenue,,,state,Property-damage same-direction sideswipe involving 2 vehicles on Route 35 at New York Avenue. (Source: NJDOT crash record.),
L19-0816,2019-04-10,17:20,Lavallette Borough,Route 35 North & Reese Avenue,39.97334,-74.068442,vehicle,property_damage,Reese Avenue,Grand Central Avenue,N,state,Property-damage same-direction sideswipe involving 2 vehicles on Route 35 about 50 ft N of Reese Avenue. (Source: NJDOT crash record.),
L19-0905,2019-04-23,13:55,Lavallette Borough,Route 35 South & New Brunswick Avenue,39.96753,-74.07109,vehicle,injury,New Brunswick Avenue,Anna O Hankins Boulevard,S,state,Injury same-direction sideswipe involving 2 vehicles on Route 35 at New Brunswick Avenue. (Source: NJDOT crash record.),
L19-0935,2019-04-29,13:50,Lavallette Borough,Route 35 & Ortley Avenue,39.977908,-74.068536,vehicle,property_damage,Ortley Avenue,,,state,Property-damage rear-end collision involving 2 vehicles on Route 35 about 30 ft N of Ortley Avenue. (Source: NJDOT crash record.),
L19-1047,2019-05-13,14:00,Lavallette Borough,Route 35 North & Jersey City Avenue,39.96362,-74.070045,vehicle,property_damage,Jersey City Avenue,Grand Central Avenue,N,state,Property-damage backing collision involving 3 vehicles on Route 35 about 200 ft W of Jersey City Avenue. (Source: NJDOT crash record.),
L19-1075,2019-05-17,11:48,Lavallette Borough,Route 35 South & Ortley Avenue,39.97815,-74.06932,vehicle,injury,Ortley Avenue,Anna O Hankins Boulevard,S,state,Injury rear-end collision involving 2 vehicles on Route 35 about 33 ft N of Ortley Avenue. (Source: NJDOT crash record.),
L19-1106,2019-05-18,19:37,Lavallette Borough,Route 35 North & Princeton Avenue,39.962894,-74.070168,vehicle,property_damage,Princeton Avenue,Grand Central Avenue,N,state,Property-damage same-direction sideswipe involving 2 vehicles on Route 35 at Princeton Avenue. (Source: NJDOT crash record.),
L19-1140,2019-05-21,10:34,Lavallette Borough,Route 35 South & Washington Avenue,39.96902,-74.07082,vehicle,property_damage,Washington Avenue,Anna O Hankins Boulevard,S,state,Property-damage same-direction sideswipe involving 2 vehicles on Route 35 at Washington Avenue. (Source: NJDOT crash record.),
L19-1158,2019-05-23,10:10,Lavallette Borough,Route 35 North & Guyer Avenue,39.974897,-74.068195,vehicle,property_damage,Guyer Avenue,Grand Central Avenue,N,state,Property-damage collision with a fixed object involving a vehicle on Route 35 about 105 ft S of Guyer Avenue. (Source: NJDOT crash record.),
L19-1206,2019-05-25,16:25,Lavallette Borough,Route 35 North & Magee Avenue,39.97183,-74.06866,bicycle,property_damage,Magee Avenue,Grand Central Avenue,N,state,Property-damage crash involving a bicyclist and a vehicle on Route 35 at Magee Avenue. (Source: NJDOT crash record.),
L19-1209,2019-05-25,16:44,Lavallette Borough,Route 35 & Magee Avenue,39.971949,-74.069499,vehicle,injury,Magee Avenue,,,state,Injury left-turn or U-turn collision involving 2 vehicles on Route 35 at Magee Avenue. (Source: NJDOT crash record.),
L19-1220,2019-05-25,21:37,Lavallette Borough,Route 35 North & Kerr Avenue,39.976361,-74.067943,vehicle,injury,Kerr Avenue,Grand Central Avenue,N,state,Injury same-direction sideswipe involving 2 vehicles on Route 35 at Kerr Avenue. (Source: NJDOT crash record.),
L19-1201,2019-05-26,14:37,Lavallette Borough,Route 35 North & Virginia Avenue,39.966648,-74.069543,vehicle,property_damage,Virginia Avenue,Grand Central Avenue,N,state,Property-damage backing collision involving 2 vehicles on Route 35 about 50 ft S of Virginia Avenue. (Source: NJDOT crash record.),
L19-1288,2019-05-27,21:28,Lavallette Borough,Route 35 North & White Avenue,39.977111,-74.067822,vehicle,property_damage,White Avenue,Grand Central Avenue,N,state,Property-damage collision with a parked vehicle involving 2 vehicles on Route 35 about 10 ft S of White Avenue. (Source: NJDOT crash record.),
L19-1431,2019-06-08,11:10,Lavallette Borough,Route 35 North & Brooklyn Avenue,39.968117,-74.069286,vehicle,property_damage,Brooklyn Avenue,Grand Central Avenue,N,state,Property-damage right-angle collision involving 2 vehicles on Route 35 at Brooklyn Avenue. (Source: NJDOT crash record.),
L19-1432,2019-06-08,12:15,Lavallette Borough,Route 35 South & Vance Avenue,39.972762,-74.070206,vehicle,property_damage,Vance Avenue,Anna O Hankins Boulevard,S,state,Property-damage same-direction sideswipe involving 2 vehicles on Route 35 at Vance Avenue. (Source: NJDOT crash record.),
L19-1455,2019-06-09,14:07,Lavallette Borough,Route 35 North & Pennsylvania Avenue,39.965913,-74.069663,vehicle,property_damage,Pennsylvania Avenue,Grand Central Avenue,N,state,Property-damage rear-end collision involving 2 vehicles on Route 35 about 30 ft S of Pennsylvania Avenue. (Source: NJDOT crash record.),
L19-1630,2019-06-22,18:38,Lavallette Borough,Route 35 North & President Avenue,39.97411,-74.06833,vehicle,property_damage,President Avenue,Grand Central Avenue,N,state,Property-damage right-angle collision involving 2 vehicles on Route 35 at President Avenue. (Source: NJDOT crash record.),
L19-1646,2019-06-23,17:54,Lavallette Borough,Route 35 South & Magee Avenue,39.972038,-74.070325,vehicle,injury,Magee Avenue,Anna O Hankins Boulevard,S,state,Injury rear-end collision involving 2 vehicles on Route 35 about 50 ft N of Magee Avenue. (Source: NJDOT crash record.),
L19-1653,2019-06-24,10:36,Lavallette Borough,Route 35 North & New Brunswick Avenue,39.967382,-74.069424,vehicle,property_damage,New Brunswick Avenue,Grand Central Avenue,N,state,Property-damage same-direction sideswipe involving 2 vehicles on Route 35 at New Brunswick Avenue. (Source: NJDOT crash record.),
L19-1771,2019-07-02,12:08,Lavallette Borough,Route 35 North & Virginia Avenue,39.966648,-74.069543,vehicle,injury,Virginia Avenue,Grand Central Avenue,N,state,Injury same-direction sideswipe involving 2 vehicles on Route 35 about 25 ft N of Virginia Avenue. (Source: NJDOT crash record.),
L19-1772,2019-07-02,12:36,Lavallette Borough,Route 35 North & Virginia Avenue,39.966648,-74.069543,vehicle,property_damage,Virginia Avenue,Grand Central Avenue,N,state,Property-damage backing collision involving 2 vehicles on Route 35 about 40 ft E of Virginia Avenue. (Source: NJDOT crash record.),
L19-1818,2019-07-04,16:17,Lavallette Borough,Bay Boulevard & Magee Avenue,39.97221,-74.07215,vehicle,property_damage,,,,county,Property-damage encroachment collision involving 2 vehicles on Bay Boulevard at Magee Avenue. (Source: NJDOT crash record.),
L19-1921,2019-07-08,08:10,Lavallette Borough,Route 35 North & New York Avenue,39.96513,-74.0698,vehicle,property_damage,New York Avenue,Grand Central Avenue,N,state,Property-damage same-direction sideswipe involving 2 vehicles on Route 35 at New York Avenue. (Source: NJDOT crash record.),