id,date,time,municipality,location,lat,lng,crash_type,severity,corridor,barrel,direction,jurisdiction,description,source_url
L19-1975,2019-07-11,21:05,Lavallette Borough,Route 35 North & Reese Avenue,39.97327,-74.06846,vehicle,injury,Reese Avenue,Grand Central Avenue,N,state,Injury same-direction sideswipe involving 2 vehicles on Route 35 at Reese Avenue. (Source: NJDOT crash record.),
L19-2010,2019-07-13,13:12,Lavallette Borough,Route 35 & Jersey City Avenue,39.963698,-74.070864,vehicle,injury,Jersey City Avenue,,,state,Injury right-angle collision involving 2 vehicles on Route 35 at Jersey City Avenue. (Source: NJDOT crash record.),
L19-2181,2019-07-23,15:41,Lavallette Borough,Route 35 North & Philadelphia Avenue,39.969607,-74.069035,vehicle,property_damage,Philadelphia Avenue,Grand Central Avenue,N,state,Property-damage collision with a parked vehicle involving 2 vehicles on Route 35 about 100 ft E of Philadelphia Avenue. (Source: NJDOT crash record.),
L19-2249,2019-07-27,13:59,Lavallette Borough,Route 35 South & Guyer Avenue,39.975064,-74.069832,vehicle,property_damage,Guyer Avenue,Anna O Hankins Boulevard,S,state,Property-damage rear-end collision involving 2 vehicles on Route 35 about 50 ft N of Guyer Avenue. (Source: NJDOT crash record.),
L19-2401,2019-08-04,17:51,Lavallette Borough,Route 35 North & Reese Avenue,39.97334,-74.068442,bicycle,injury,Reese Avenue,Grand Central Avenue,N,state,Injury crash involving a bicyclist and a vehicle on Route 35 about 100 ft N of Reese Avenue. (Source: NJDOT crash record.),
L19-2565,2019-08-12,12:18,Lavallette Borough,Route 35 North & Reese Avenue,39.97334,-74.068442,vehicle,property_damage,Reese Avenue,Grand Central Avenue,N,state,Property-damage backing collision involving 2 vehicles on Route 35 about 30 ft N of Reese Avenue. (Source: NJDOT crash record.),
L19-2671,2019-08-19,07:48,Lavallette Borough,Route 35 South & Newark Avenue,39.96158,-74.072065,vehicle,property_damage,Newark Avenue,Anna O Hankins Boulevard,S,state,Property-damage backing collision involving 2 vehicles on Route 35 at Newark Avenue. (Source: NJDOT crash record.),
L19-2751,2019-08-24,10:03,Lavallette Borough,Route 35 North & Pennsylvania Avenue,39.96591,-74.06967,vehicle,injury,Pennsylvania Avenue,Grand Central Avenue,N,state,Injury rear-end collision involving 2 vehicles on Route 35 at Pennsylvania Avenue. (Source: NJDOT crash record.),
L19-2817,2019-08-28,15:36,Lavallette Borough,Route 35 North & Bond Avenue,39.975638,-74.068061,vehicle,property_damage,Bond Avenue,Grand Central Avenue,N,state,Property-damage backing collision involving 2 vehicles on Route 35 about 50 ft S of Bond Avenue. (Source: NJDOT crash record.),
L19-2927,2019-09-07,09:13,Lavallette Borough,Baltimore Avenue & Brooklyn Avenue,39.96842,-74.0725,vehicle,injury,,,,borough,Injury right-angle collision involving 3 vehicles on Baltimore Avenue at Brooklyn Avenue. (Source: NJDOT crash record.),
L19-3046,2019-09-20,13:48,Lavallette Borough,Route 35 North & President Avenue,39.974121,-74.06832,vehicle,property_damage,President Avenue,Grand Central Avenue,N,state,Property-damage same-direction sideswipe involving 2 vehicles on Route 35 about 40 ft N of President Avenue. (Source: NJDOT crash record.),
L19-3072,2019-09-23,16:22,Lavallette Borough,Route 35 North & Brown Avenue,39.971125,-74.068785,vehicle,injury,Brown Avenue,Grand Central Avenue,N,state,Injury collision with a fixed object involving a vehicle on Route 35 at Brown Avenue. (Source: NJDOT crash record.),
L19-3098,2019-09-28,09:32,Lavallette Borough,Route 35 & Bryn Mawr Avenue,39.980185,-74.068063,vehicle,property_damage,Bryn Mawr Avenue,,,state,Property-damage backing collision involving 2 vehicles on Route 35 about 35 ft W of Bryn Mawr Avenue. (Source: NJDOT crash record.),
L19-3249,2019-10-19,18:35,Lavallette Borough,Route 35 North & Guyer Avenue,39.974973,-74.068165,pedestrian,fatal,Guyer Avenue,Grand Central Avenue,N,state,Fatal crash involving a pedestrian and a vehicle on Route 35 at Guyer Avenue. (Source: NJDOT crash record.),
L19-3460,2019-11-21,12:04,Lavallette Borough,Route 35 North & Brooklyn Avenue,39.96816,-74.06954,vehicle,property_damage,Brooklyn Avenue,Grand Central Avenue,N,state,Property-damage same-direction sideswipe involving 3 vehicles on Route 35 about 30 ft W of Brooklyn Avenue. (Source: NJDOT crash record.),
L19-3502,2019-11-27,15:15,Lavallette Borough,Route 35 South & Elizabeth Avenue,39.962311,-74.071923,vehicle,property_damage,Elizabeth Avenue,Anna O Hankins Boulevard,S,state,Property-damage right-angle collision involving 2 vehicles on Route 35 at Elizabeth Avenue. (Source: NJDOT crash record.),
L19-3569,2019-12-12,17:49,Lavallette Borough,Route 35 South & Bryn Mawr Avenue,39.980304,-74.068983,vehicle,property_damage,Bryn Mawr Avenue,West Central Avenue,S,state,Property-damage rear-end collision involving 2 vehicles on Route 35 about 25 ft S of Bryn Mawr Avenue. (Source: NJDOT crash record.),
L19-3594,2019-12-17,12:45,Lavallette Borough,Route 35 North & New York Avenue,39.965114,-74.069792,vehicle,property_damage,New York Avenue,Grand Central Avenue,N,state,Property-damage same-direction sideswipe involving 2 vehicles on Route 35 at New York Avenue. (Source: NJDOT crash record.),
L19-3607,2019-12-20,14:02,Lavallette Borough,Route 35 South & Jersey City Avenue,39.963777,-74.071683,vehicle,injury,Jersey City Avenue,Anna O Hankins Boulevard,S,state,Injury right-angle collision involving 2 vehicles on Route 35 at Jersey City Avenue. (Source: NJDOT crash record.),
L20-0223,2020-02-17,09:44,Lavallette Borough,Route 35 North & Brooklyn Avenue,39.967858,-74.069338,vehicle,injury,Brooklyn Avenue,Grand Central Avenue,N,state,Injury rear-end collision involving 2 vehicles on Route 35 about 100 ft S of Brooklyn Avenue. (Source: NJDOT crash record.),
L20-0369,2020-03-11,08:00,Lavallette Borough,Dickman Drive near Dickman Drive,39.967726,-74.077423,vehicle,property_damage,,,,county,Property-damage collision with a parked vehicle involving 2 vehicles on Dickman Drive about 150 ft W of Dickman Drive. (Source: NJDOT crash record.),
L20-0426,2020-03-25,11:00,Lavallette Borough,Route 35 South & Pennsylvania Avenue,39.966072,-74.071314,vehicle,property_damage,Pennsylvania Avenue,Anna O Hankins Boulevard,S,state,Property-damage same-direction sideswipe involving 2 vehicles on Route 35 about 50 ft N of Pennsylvania Avenue. (Source: NJDOT crash record.),
L20-0519,2020-04-12,17:34,Lavallette Borough,Route 35 South & Princeton Avenue,39.963043,-74.071804,vehicle,property_damage,Princeton Avenue,Anna O Hankins Boulevard,S,state,Property-damage same-direction sideswipe involving 2 vehicles on Route 35 at Princeton Avenue. (Source: NJDOT crash record.),
L20-0547,2020-04-19,16:23,Lavallette Borough,Route 35 & New York Avenue,39.965193,-74.070615,vehicle,injury,New York Avenue,,,state,Injury collision with a fixed object involving a vehicle on Route 35 at New York Avenue. (Source: NJDOT crash record.),
L20-0587,2020-04-29,18:05,Lavallette Borough,Route 35 North & Guyer Avenue,39.974897,-74.068195,vehicle,property_damage,Guyer Avenue,Grand Central Avenue,N,state,Property-damage backing collision involving 2 vehicles on Route 35 at Guyer Avenue. (Source: NJDOT crash record.),
L20-0960,2020-05-29,13:08,Lavallette Borough,Route 35 South & Brooklyn Avenue,39.96828,-74.070942,vehicle,property_damage,Brooklyn Avenue,Anna O Hankins Boulevard,S,state,Property-damage same-direction sideswipe involving 2 vehicles on Route 35 at Brooklyn Avenue. (Source: NJDOT crash record.),
L20-1576,2020-06-28,11:36,Lavallette Borough,Dickman Drive near Sturgis Road,39.96347,-74.078848,vehicle,property_damage,,,,county,Property-damage backing collision involving 2 vehicles on Dickman Drive about 351 ft E of Sturgis Road. (Source: NJDOT crash record.),
L20-1907,2020-07-14,16:31,Lavallette Borough,Route 35 North & President Avenue,39.974121,-74.06832,vehicle,property_damage,President Avenue,Grand Central Avenue,N,state,Property-damage backing collision involving 2 vehicles on Route 35 about 528 ft E of President Avenue. (Source: NJDOT crash record.),
L20-1964,2020-07-17,20:37,Lavallette Borough,Route 35 North & Bryn Mawr Avenue,39.980067,-74.067144,vehicle,property_damage,Bryn Mawr Avenue,Grand Central Avenue,N,state,Property-damage same-direction sideswipe involving 2 vehicles on Route 35 at Bryn Mawr Avenue. (Source: NJDOT crash record.),
L20-1971,2020-07-18,10:33,Lavallette Borough,Route 35 South & Westmont Avenue,39.978705,-74.069244,vehicle,property_damage,Westmont Avenue,Anna O Hankins Boulevard,S,state,Property-damage same-direction sideswipe involving 2 vehicles on Route 35 about 100 ft N of Westmont Avenue. (Source: NJDOT crash record.),
L20-1992,2020-07-19,00:26,Lavallette Borough,Route 35 North & Jersey City Avenue,39.96362,-74.070045,vehicle,property_damage,Jersey City Avenue,Grand Central Avenue,N,state,Property-damage collision with a parked vehicle involving 2 vehicles on Route 35 about 66 ft S of Jersey City Avenue. (Source: NJDOT crash record.),
L20-2016,2020-07-20,08:51,Lavallette Borough,Route 35 North & New Brunswick Avenue,39.96741,-74.06936,vehicle,injury,New Brunswick Avenue,Grand Central Avenue,N,state,Injury rear-end collision involving 2 vehicles on Route 35 about 10 ft N of New Brunswick Avenue. (Source: NJDOT crash record.),
L20-2044,2020-07-21,15:19,Lavallette Borough,Route 35 North & Reese Avenue,39.97334,-74.068442,vehicle,property_damage,Reese Avenue,Grand Central Avenue,N,state,Property-damage backing collision involving 2 vehicles on Route 35 about 75 ft S of Reese Avenue. (Source: NJDOT crash record.),
L20-2056,2020-07-22,13:25,Lavallette Borough,Route 35 South & Kerr Avenue,39.97653,-74.06961,vehicle,injury,Kerr Avenue,Anna O Hankins Boulevard,S,state,Injury right-angle collision involving 2 vehicles on Route 35 at Kerr Avenue. (Source: NJDOT crash record.),
L20-2220,2020-07-30,12:48,Lavallette Borough,Route 35 North & Washington Avenue,39.968847,-74.069168,vehicle,injury,Washington Avenue,Grand Central Avenue,N,state,Injury rear-end collision involving 2 vehicles on Route 35 about 20 ft N of Washington Avenue. (Source: NJDOT crash record.),
L20-2221,2020-07-30,15:09,Lavallette Borough,Route 35 North & Vance Avenue,39.972602,-74.068559,vehicle,property_damage,Vance Avenue,Grand Central Avenue,N,state,Property-damage same-direction sideswipe involving 2 vehicles on Route 35 at Vance Avenue. (Source: NJDOT crash record.),
L20-2224,2020-07-30,16:39,Lavallette Borough,Route 35 North & Jersey City Avenue,39.96362,-74.070045,bicycle,injury,Jersey City Avenue,Grand Central Avenue,N,state,Injury crash involving a bicyclist and a vehicle on Route 35 at Jersey City Avenue. (Source: NJDOT crash record.),
L20-2265,2020-08-01,19:04,Lavallette Borough,Route 35 North & Ortley Avenue,39.977828,-74.067707,vehicle,property_damage,Ortley Avenue,Grand Central Avenue,N,state,Property-damage rear-end collision involving 2 vehicles on Route 35 about 50 ft S of Ortley Avenue. (Source: NJDOT crash record.),
L20-2295,2020-08-03,17:29,Lavallette Borough,Route 35 North & Bond Avenue,39.975638,-74.068061,vehicle,injury,Bond Avenue,Grand Central Avenue,N,state,Injury same-direction sideswipe involving 2 vehicles on Route 35 at Bond Avenue. (Source: NJDOT crash record.),
L20-2305,2020-08-04,10:19,Lavallette Borough,Route 35 South & Bryn Mawr Avenue,39.980304,-74.068983,vehicle,property_damage,Bryn Mawr Avenue,West Central Avenue,S,state,Property-damage rear-end collision involving 2 vehicles on Route 35 about 50 ft N of Bryn Mawr Avenue. (Source: NJDOT crash record.),
L20-2422,2020-08-09,02:38,Lavallette Borough,Route 35 North & White Avenue,39.977111,-74.067822,vehicle,property_damage,White Avenue,Grand Central Avenue,N,state,Property-damage collision with a parked vehicle involving 2 vehicles on Route 35 about 30 ft N of White Avenue. (Source: NJDOT crash record.),
L20-2503,2020-08-14,23:15,Lavallette Borough,Bay Boulevard near Ortley Avenue,39.977971,-74.070629,vehicle,property_damage,,,,county,Property-damage collision with a fixed object involving a vehicle on Bay Boulevard about 15 ft S of Ortley Avenue. (Source: NJDOT crash record.),
L20-2560,2020-08-19,12:29,Lavallette Borough,Route 35 South & President Avenue,39.974287,-74.06996,vehicle,injury,President Avenue,Anna O Hankins Boulevard,S,state,Injury rear-end collision involving 3 vehicles on Route 35 at President Avenue. (Source: NJDOT crash record.),
L20-2600,2020-08-21,13:49,Lavallette Borough,Route 35 North & Guyer Avenue,39.974897,-74.068195,vehicle,property_damage,Guyer Avenue,Grand Central Avenue,N,state,Property-damage backing collision involving 2 vehicles on Route 35 about 50 ft E of Guyer Avenue. (Source: NJDOT crash record.),
L20-2768,2020-09-01,14:17,Lavallette Borough,Route 35 & Guyer Avenue,39.974981,-74.069014,bicycle,injury,Guyer Avenue,,,state,Injury crash involving a bicyclist and a vehicle on Route 35 at Guyer Avenue. (Source: NJDOT crash record.),
L20-2778,2020-09-02,18:44,Lavallette Borough,Route 35 North & Brown Avenue,39.971125,-74.068785,vehicle,property_damage,Brown Avenue,Grand Central Avenue,N,state,Property-damage backing collision involving 2 vehicles on Route 35 about 528 ft E of Brown Avenue. (Source: NJDOT crash record.),
L20-2805,2020-09-04,18:33,Lavallette Borough,Route 35 South & President Avenue,39.974287,-74.06996,vehicle,property_damage,President Avenue,Anna O Hankins Boulevard,S,state,Property-damage same-direction sideswipe involving 2 vehicles on Route 35 at President Avenue. (Source: NJDOT crash record.),
L20-2989,2020-09-23,11:17,Lavallette Borough,Route 35 & Kerr Avenue,39.976443,-74.068767,bicycle,injury,Kerr Avenue,,,state,Injury crash involving a bicyclist and a vehicle on Route 35 at Kerr Avenue. (Source: NJDOT crash record.),
L20-3018,2020-09-26,12:46,Lavallette Borough,Route 35 North & Elizabeth Avenue,39.962158,-74.070281,vehicle,injury,Elizabeth Avenue,Grand Central Avenue,N,state,Injury collision with a parked vehicle involving 2 vehicles on Route 35 about 144 ft N of Elizabeth Avenue. (Source: NJDOT crash record.),
L20-3184,2020-10-25,14:27,Lavallette Borough,Route 35 North & Pennsylvania Avenue,39.965959,-74.069696,vehicle,property_damage,Pennsylvania Avenue,Grand Central Avenue,N,state,Property-damage rear-end collision involving 2 vehicles on Route 35 at Pennsylvania Avenue. (Source: NJDOT crash record.),
L20-3267,2020-11-09,08:48,Lavallette Borough,Route 35 & Washington Avenue,39.968929,-74.069997,vehicle,property_damage,Washington Avenue,,,state,Property-damage rear-end collision involving 2 vehicles on Route 35 at Washington Avenue. (Source: NJDOT crash record.),
L20-3329,2020-11-21,06:44,Lavallette Borough,Route 35 North & Pennsylvania Avenue,39.965913,-74.069663,vehicle,property_damage,Pennsylvania Avenue,Grand Central Avenue,N,state,Property-damage collision with a parked vehicle involving 2 vehicles on Route 35 about 469 ft E of Pennsylvania Avenue. (Source: NJDOT crash record.),
L20-3375,2020-11-30,03:43,Lavallette Borough,Route 35 South & White Avenue,39.977273,-74.069474,vehicle,property_damage,White Avenue,Anna O Hankins Boulevard,S,state,Property-damage same-direction sideswipe involving 2 vehicles on Route 35 at White Avenue. (Source: NJDOT crash record.),
L20-3428,2020-12-11,09:15,Lavallette Borough,Bay Boulevard & New Brunswick Avenue,39.967866,-74.074432,bicycle,injury,,,,county,Injury crash involving a bicyclist and a vehicle on Bay Boulevard at New Brunswick Avenue. (Source: NJDOT crash record.),
L20-3442,2020-12-15,12:46,Lavallette Borough,Route 35 South & Jersey City Avenue,39.963777,-74.071683,vehicle,property_damage,Jersey City Avenue,Anna O Hankins Boulevard,S,state,Property-damage rear-end collision involving 2 vehicles on Route 35 at Jersey City Avenue. (Source: NJDOT crash record.),
L20-3511,2020-12-28,19:17,Lavallette Borough,Route 35 North & President Avenue,39.97411,-74.06833,vehicle,property_damage,President Avenue,Grand Central Avenue,N,state,Property-damage right-angle collision involving 2 vehicles on Route 35 at President Avenue. (Source: NJDOT crash record.),
L21-0292,2021-03-07,22:10,Lavallette Borough,Route 35 North & Bryn Mawr Avenue,39.979845,-74.067283,vehicle,property_damage,Bryn Mawr Avenue,Grand Central Avenue,N,state,Property-damage collision with a parked vehicle involving 2 vehicles on Route 35 about 92 ft S of Bryn Mawr Avenue. (Source: NJDOT crash record.),
L21-0293,2021-03-08,09:53,Lavallette Borough,Route 35 North & Camden Avenue,39.97073,-74.068979,vehicle,property_damage,Camden Avenue,Grand Central Avenue,N,state,Property-damage collision with a parked vehicle involving 2 vehicles on Route 35 about 118 ft N of Camden Avenue. (Source: NJDOT crash record.),
L21-0299,2021-03-09,17:02,Lavallette Borough,Route 35 North & Vance Avenue,39.972602,-74.068559,vehicle,property_damage,Vance Avenue,Grand Central Avenue,N,state,Property-damage same-direction sideswipe involving 2 vehicles on Route 35 about 102 ft N of Vance Avenue. (Source: NJDOT crash record.),
L21-0409,2021-03-30,10:30,Lavallette Borough,Route 35 South & Jersey City Avenue,39.96378,-74.0717,vehicle,injury,Jersey City Avenue,Anna O Hankins Boulevard,S,state,Injury right-angle collision involving 2 vehicles on Route 35 at Jersey City Avenue. (Source: NJDOT crash record.),
L21-0420,2021-04-02,17:21,Lavallette Borough,Route 35 North & Elizabeth Avenue,39.962035,-74.070278,vehicle,property_damage,Elizabeth Avenue,Grand Central Avenue,N,state,Property-damage rear-end collision involving 2 vehicles on Route 35 about 30 ft S of Elizabeth Avenue. (Source: NJDOT crash record.),
L21-0660,2021-05-12,10:59,Lavallette Borough,Route 35 North & New York Avenue,39.965114,-74.069792,vehicle,property_damage,New York Avenue,Grand Central Avenue,N,state,Property-damage backing collision involving 2 vehicles on Route 35 about 233 ft W of New York Avenue. (Source: NJDOT crash record.),
L21-0668,2021-05-13,12:51,Lavallette Borough,Route 35 North & Reese Avenue,39.97334,-74.068442,vehicle,injury,Reese Avenue,Grand Central Avenue,N,state,Injury same-direction sideswipe involving 3 vehicles on Route 35 about 150 ft S of Reese Avenue. (Source: NJDOT crash record.),
L21-0929,2021-06-05,14:40,Lavallette Borough,Route 35 South & New York Avenue,39.965282,-74.071454,vehicle,injury,New York Avenue,Anna O Hankins Boulevard,S,state,Injury right-angle collision involving 2 vehicles on Route 35 at New York Avenue. (Source: NJDOT crash record.),
L21-0961,2021-06-06,18:42,Lavallette Borough,Route 35 South & President Avenue,39.974287,-74.06996,vehicle,property_damage,President Avenue,Anna O Hankins Boulevard,S,state,Property-damage backing collision involving 2 vehicles on Route 35 about 50 ft W of President Avenue. (Source: NJDOT crash record.),
L21-0975,2021-06-07,11:37,Lavallette Borough,Route 35 North & New York Avenue,39.965114,-74.069792,vehicle,injury,New York Avenue,Grand Central Avenue,N,state,Injury same-direction sideswipe involving 2 vehicles on Route 35 at New York Avenue. (Source: NJDOT crash record.),
L21-0982,2021-06-08,11:21,Lavallette Borough,Route 35 North & New Jersey Avenue,39.96435,-74.06993,vehicle,injury,New Jersey Avenue,Grand Central Avenue,N,state,Injury right-angle collision involving 2 vehicles on Route 35 at New Jersey Avenue. (Source: NJDOT crash record.),
L21-1179,2021-06-25,20:00,Lavallette Borough,Route 35 North & Guyer Avenue,39.974897,-74.068195,vehicle,property_damage,Guyer Avenue,Grand Central Avenue,N,state,Property-damage same-direction sideswipe involving 2 vehicles on Route 35 about 25 ft S of Guyer Avenue. (Source: NJDOT crash record.),
L21-1207,2021-06-27,12:45,Lavallette Borough,Route 35 North & Virginia Avenue,39.966648,-74.069543,vehicle,injury,Virginia Avenue,Grand Central Avenue,N,state,Injury right-angle collision involving 2 vehicles on Route 35 at Virginia Avenue. (Source: NJDOT crash record.),